꽃길만걸어요,,,0,NNP,*,F,꽃길만걸어요,*,*,*,*,*
99억의여자,,,0,NNP,*,F,99억의여자,*,*,*,*,*
우아한모녀,,,0,NNP,*,F,우아한모녀,*,*,*,*,*
나쁜사랑,,,0,NNP,*,F,나쁜사랑,*,*,*,*,*
하자있는인간들,,,0,NNP,*,F,하자있는인간들,*,*,*,*,*
맛좀보실래요,,,0,NNP,*,F,맛좀보실래요,*,*,*,*,*
스토브리그,,,0,NNP,*,F,스토브리그,*,*,*,*,*
스토브 리그,,,0,NNP,*,F,스토브 리그,*,*,*,*,*
인수대비,,,0,NNP,*,F,인수대비,*,*,*,*,*
검사내전,,,0,NNP,*,F,검사내전,*,*,*,*,*
루왁인간,,,0,NNP,*,F,루왁인간,*,*,*,*,*
간택여인들의전쟁,,,0,NNP,*,F,간택여인들의전쟁,*,*,*,*,*
블랙독,,,0,NNP,*,F,블랙독,*,*,*,*,*
응답하라1994,,,0,NNP,*,F,응답하라1994,*,*,*,*,*
응답하라,,,0,NNP,*,F,응답하라,*,*,*,*,*
사랑의불시착,,,0,NNP,*,F,사랑의불시착,*,*,*,*,*
사랑의 불시착,,,0,NNP,*,F,사랑의 불시착,*,*,*,*,*
싸이코패스다이어리,,,0,NNP,*,F,싸이코패스다이어리,*,*,*,*,*
바람은불어도,,,0,NNP,*,F,바람은불어도,*,*,*,*,*
첫사랑,,,0,NNP,*,F,첫사랑,*,*,*,*,*
인어아가씨,,,0,NNP,*,F,인어아가씨,*,*,*,*,*
태조왕건,,,0,NNP,*,F,태조왕건,*,*,*,*,*
이산,,,0,NNP,*,F,이산,*,*,*,*,*
주몽,,,0,NNP,*,F,주몽,*,*,*,*,*
뷰티인사이드,,,0,NNP,*,F,뷰티인사이드,*,*,*,*,*
뷰티 인사이드,,,0,NNP,*,F,뷰티 인사이드,*,*,*,*,*
기름진멜로,,,0,NNP,*,F,기름진멜로,*,*,*,*,*
밥잘사주는예쁜누나,,,0,NNP,*,F,밥잘사주는예쁜누나,*,*,*,*,*
예쁜누나,,,0,NNP,*,F,예쁜누나,*,*,*,*,*
김과장,,,0,NNP,*,F,김과장,*,*,*,*,*
초콜릿,,,0,NNP,*,F,초콜릿,*,*,*,*,*
눈이부시게,,,0,NNP,*,F,눈이부시게,*,*,*,*,*
눈이 부시게,,,0,NNP,*,F,눈이 부시게,*,*,*,*,*
야인시대,,,0,NNP,*,F,야인시대,*,*,*,*,*
무사백동수,,,0,NNP,*,F,무사백동수,*,*,*,*,*
부부클리닉사랑과전쟁2,,,0,NNP,*,F,부부클리닉사랑과전쟁2,*,*,*,*,*
사랑과전쟁,,,0,NNP,*,F,사랑과전쟁,*,*,*,*,*
부탁해요엄마,,,0,NNP,*,F,부탁해요엄마,*,*,*,*,*
황금빛내인생,,,0,NNP,*,F,황금빛내인생,*,*,*,*,*
낭랑18세,,,0,NNP,*,F,낭랑18세,*,*,*,*,*
애정의조건,,,0,NNP,*,F,애정의조건,*,*,*,*,*
마성의기쁨,,,0,NNP,*,F,마성의기쁨,*,*,*,*,*
부부클리닉사랑과전쟁,,,0,NNP,*,F,부부클리닉사랑과전쟁,*,*,*,*,*
뻐꾸기둥지,,,0,NNP,*,F,뻐꾸기둥지,*,*,*,*,*
전원일기,,,0,NNP,*,F,전원일기,*,*,*,*,*
파랑새는있다,,,0,NNP,*,F,파랑새는있다,*,*,*,*,*
대추나무사랑걸렸네,,,0,NNP,*,F,대추나무사랑걸렸네,*,*,*,*,*
식샤를합시다,,,0,NNP,*,F,식샤를합시다,*,*,*,*,*
식샤를 합시다,,,0,NNP,*,F,식샤를 합시다,*,*,*,*,*
식샤,,,0,NNP,*,F,식샤,*,*,*,*,*
동백꽃필무렵,,,0,NNP,*,F,동백꽃필무렵,*,*,*,*,*
동백꽃,,,0,NNP,*,F,동백꽃,*,*,*,*,*
두번은없다,,,0,NNP,*,F,두번은없다,*,*,*,*,*
상속자들,,,0,NNP,*,F,상속자들,*,*,*,*,*
시크릿마더,,,0,NNP,*,F,시크릿마더,*,*,*,*,*
의사요한,,,0,NNP,*,F,의사요한,*,*,*,*,*
전쟁의여신,,,0,NNP,*,F,전쟁의여신,*,*,*,*,*
전쟁의 여신,,,0,NNP,*,F,전쟁의 여신,*,*,*,*,*
아테나,,,0,NNP,*,F,아테나,*,*,*,*,*
징비록,,,0,NNP,*,F,징비록,*,*,*,*,*
태양의후예,,,0,NNP,*,F,태양의후예,*,*,*,*,*
태양의 후예,,,0,NNP,*,F,태양의 후예,*,*,*,*,*
그녀들의완벽한하루,,,0,NNP,*,F,그녀들의완벽한하루,*,*,*,*,*
손THEGUEST,,,0,NNP,*,F,손THEGUEST,*,*,*,*,*
조선로코녹두전,,,0,NNP,*,F,조선로코녹두전,*,*,*,*,*
처용,,,0,NNP,*,F,처용,*,*,*,*,*
낭만닥터김사부,,,0,NNP,*,F,낭만닥터김사부,*,*,*,*,*
낭만 닥터 김사부,,,0,NNP,*,F,낭만 닥터 김사부,*,*,*,*,*
김사부,,,0,NNP,*,F,김사부,*,*,*,*,*
터치,,,0,NNP,*,F,터치,*,*,*,*,*
자이언트,,,0,NNP,*,F,자이언트,*,*,*,*,*
제3의매력,,,0,NNP,*,F,제3의매력,*,*,*,*,*
사랑은뷰티풀인생은원더풀,,,0,NNP,*,F,사랑은뷰티풀인생은원더풀,*,*,*,*,*
태양인이제마,,,0,NNP,*,F,태양인이제마,*,*,*,*,*
해신,,,0,NNP,*,F,해신,*,*,*,*,*
SKY캐슬,,,0,NNP,*,F,SKY캐슬,*,*,*,*,*
스카이캐슬,,,0,NNP,*,F,스카이캐슬,*,*,*,*,*
스카이 캐슬,,,0,NNP,*,F,스카이 캐슬,*,*,*,*,*
주군의태양,,,0,NNP,*,F,주군의태양,*,*,*,*,*
주군의 태양,,,0,NNP,*,F,주군의 태양,*,*,*,*,*
고백부부,,,0,NNP,*,F,고백부부,*,*,*,*,*
모래시계,,,0,NNP,*,F,모래시계,*,*,*,*,*
세상에서가장아름다운이별,,,0,NNP,*,F,세상에서가장아름다운이별,*,*,*,*,*
빅이슈,,,0,NNP,*,F,빅이슈,*,*,*,*,*
농부사관학교,,,0,NNP,*,F,농부사관학교,*,*,*,*,*
낭만닥터김사부2,,,0,NNP,*,F,낭만닥터김사부2,*,*,*,*,*
질투의화신,,,0,NNP,*,F,질투의화신,*,*,*,*,*
질투의 화신,,,0,NNP,*,F,질투의 화신,*,*,*,*,*
마녀의법정,,,0,NNP,*,F,마녀의법정,*,*,*,*,*
마녀의 법정,,,0,NNP,*,F,마녀의 법정,*,*,*,*,*
명불허전,,,0,NNP,*,F,명불허전,*,*,*,*,*
황후의품격,,,0,NNP,*,F,황후의품격,*,*,*,*,*
황후의 품격,,,0,NNP,*,F,황후의 품격,*,*,*,*,*
겨울연가,,,0,NNP,*,F,겨울연가,*,*,*,*,*
학교2013,,,0,NNP,*,F,학교2013,*,*,*,*,*
학교,,,0,NNP,*,F,학교,*,*,*,*,*
해를품은달,,,0,NNP,*,F,해를품은달,*,*,*,*,*
해를 품은달,,,0,NNP,*,F,해를 품은달,*,*,*,*,*
남자친구,,,0,NNP,*,F,남자친구,*,*,*,*,*
왓쳐,,,0,NNP,*,F,왓쳐,*,*,*,*,*
별에서온그대,,,0,NNP,*,F,별에서온그대,*,*,*,*,*
별에서 온 그대,,,0,NNP,*,F,별에서 온 그대,*,*,*,*,*
착하지않은여자들,,,0,NNP,*,F,착하지않은여자들,*,*,*,*,*
열혈사제,,,0,NNP,*,F,열혈사제,*,*,*,*,*
밀회,,,0,NNP,*,F,밀회,*,*,*,*,*
검색어를입력하세요,,,0,NNP,*,F,검색어를입력하세요,*,*,*,*,*
검색어를입력하세요WWW,,,0,NNP,*,F,검색어를입력하세요WWW,*,*,*,*,*
WWW,,,0,NNP,*,F,WWW,*,*,*,*,*
멜로가체질,,,0,NNP,*,F,멜로가체질,*,*,*,*,*
멜로가 체질,,,0,NNP,*,F,멜로가 체질,*,*,*,*,*
이번생은처음이라,,,0,NNP,*,F,이번생은처음이라,*,*,*,*,*
미생,,,0,NNP,*,F,미생,*,*,*,*,*
시그널,,,0,NNP,*,F,시그널,*,*,*,*,*
운명과분노,,,0,NNP,*,F,운명과분노,*,*,*,*,*
머니게임,,,0,NNP,*,F,머니게임,*,*,*,*,*
굿닥터,,,0,NNP,*,F,굿닥터,*,*,*,*,*
연애의발견,,,0,NNP,*,F,연애의발견,*,*,*,*,*
트랩,,,0,NNP,*,F,트랩,*,*,*,*,*
에덴의동쪽,,,0,NNP,*,F,에덴의동쪽,*,*,*,*,*
에덴,,,0,NNP,*,F,에덴,*,*,*,*,*
터널,,,0,NNP,*,F,터널,*,*,*,*,*
검법남녀,,,0,NNP,*,F,검법남녀,*,*,*,*,*
장밋빛인생,,,0,NNP,*,F,장밋빛인생,*,*,*,*,*
알함브라궁전의추억,,,0,NNP,*,F,알함브라궁전의추억,*,*,*,*,*
알함브라,,,0,NNP,*,F,알함브라,*,*,*,*,*
더게임0시를향하여,,,0,NNP,*,F,더게임0시를향하여,*,*,*,*,*
라이브,,,0,NNP,*,F,라이브,*,*,*,*,*
특수사건전담반TEN,,,0,NNP,*,F,특수사건전담반TEN,*,*,*,*,*
이태원클라쓰,,,0,NNP,*,F,이태원클라쓰,*,*,*,*,*
이태원 클라쓰,,,0,NNP,*,F,이태원 클라쓰,*,*,*,*,*
응답하라,,,0,NNP,*,F,응답하라,*,*,*,*,*
응답하라1997,,,0,NNP,*,F,응답하라1997,*,*,*,*,*
응답하라1988,,,0,NNP,*,F,응답하라1988,*,*,*,*,*
TV소설삼생이,,,0,NNP,*,F,TV소설삼생이,*,*,*,*,*
하나뿐인내편,,,0,NNP,*,F,하나뿐인내편,*,*,*,*,*
넝쿨째굴러온당신,,,0,NNP,*,F,넝쿨째굴러온당신,*,*,*,*,*
광개토태왕,,,0,NNP,*,F,광개토태왕,*,*,*,*,*
싸우자귀신아,,,0,NNP,*,F,싸우자귀신아,*,*,*,*,*
수상한삼형제,,,0,NNP,*,F,수상한삼형제,*,*,*,*,*
이태원클라쓰,,,0,NNP,*,F,이태원클라쓰,*,*,*,*,*
어비스,,,0,NNP,*,F,어비스,*,*,*,*,*
기막힌유산,,,0,NNP,*,F,기막힌유산,*,*,*,*,*
본어게인,,,0,NNP,*,F,본어게인,*,*,*,*,*
위험한약속,,,0,NNP,*,F,위험한약속,*,*,*,*,*
저녁같이드실래요,,,0,NNP,*,F,저녁같이드실래요,*,*,*,*,*
엄마가바람났다,,,0,NNP,*,F,엄마가바람났다,*,*,*,*,*
굿캐스팅,,,0,NNP,*,F,굿캐스팅,*,*,*,*,*
구가의서,,,0,NNP,*,F,구가의서,*,*,*,*,*
야식남녀,,,0,NNP,*,F,야식남녀,*,*,*,*,*
바람과구름과비,,,0,NNP,*,F,바람과구름과비,*,*,*,*,*
화양연화삶이꽃이되는순간,,,0,NNP,*,F,화양연화삶이꽃이되는순간,*,*,*,*,*
백일의낭군님,,,0,NNP,*,F,백일의낭군님,*,*,*,*,*
백일의 낭군님,,,0,NNP,*,F,백일의 낭군님,*,*,*,*,*
아는건별로없지만가족입니다,,,0,NNP,*,F,아는건별로없지만가족입니다,*,*,*,*,*
번외수사,,,0,NNP,*,F,번외수사,*,*,*,*,*
내딸서영이,,,0,NNP,*,F,내딸서영이,*,*,*,*,*
서영이,,,0,NNP,*,F,서영이,*,*,*,*,*
용의눈물,,,0,NNP,*,F,용의눈물,*,*,*,*,*
시크릿부티크,,,0,NNP,*,F,시크릿부티크,*,*,*,*,*
내뒤에테리우스,,,0,NNP,*,F,내뒤에테리우스,*,*,*,*,*
영혼수선공,,,0,NNP,*,F,영혼수선공,*,*,*,*,*
너의목소리가들려,,,0,NNP,*,F,너의목소리가들려,*,*,*,*,*
닥터프리즈너,,,0,NNP,*,F,닥터프리즈너,*,*,*,*,*
허준,,,0,NNP,*,F,허준,*,*,*,*,*
쌍갑포차,,,0,NNP,*,F,쌍갑포차,*,*,*,*,*
부부의세계,,,0,NNP,*,F,부부의세계,*,*,*,*,*
부부의 세계,,,0,NNP,*,F,부부의 세계,*,*,*,*,*
한번다녀왔습니다,,,0,NNP,*,F,한번다녀왔습니다,*,*,*,*,*
젊은이의양지,,,0,NNP,*,F,젊은이의양지,*,*,*,*,*
월계수양복점신사들,,,0,NNP,*,F,월계수양복점신사들,*,*,*,*,*
그녀는예뻤다,,,0,NNP,*,F,그녀는예뻤다,*,*,*,*,*
슬기로운의사생활,,,0,NNP,*,F,슬기로운의사생활,*,*,*,*,*
슬기로운 의사생활,,,0,NNP,*,F,슬기로운 의사생활,*,*,*,*,*
의사생활,,,0,NNP,*,F,의사생활,*,*,*,*,*
감빵생활,,,0,NNP,*,F,감빵생활,*,*,*,*,*
왕이된남자,,,0,NNP,*,F,왕이된남자,*,*,*,*,*
오마이베이비,,,0,NNP,*,F,오마이베이비,*,*,*,*,*
그녀의사생활,,,0,NNP,*,F,그녀의사생활,*,*,*,*,*
더킹영원의군주,,,0,NNP,*,F,더킹영원의군주,*,*,*,*,*
더킹,,,0,NNP,*,F,더킹,*,*,*,*,*
특별근로감독관조장풍,,,0,NNP,*,F,특별근로감독관조장풍,*,*,*,*,*
동이,,,0,NNP,*,F,동이,*,*,*,*,*
대조영,,,0,NNP,*,F,대조영,*,*,*,*,*
아이리스1,,,0,NNP,*,F,아이리스1,*,*,*,*,*
슬기로운감빵생활,,,0,NNP,*,F,슬기로운감빵생활,*,*,*,*,*
해치,,,0,NNP,*,F,해치,*,*,*,*,*
그남자의기억법,,,0,NNP,*,F,그남자의기억법,*,*,*,*,*
그 남자의 기억법,,,0,NNP,*,F,그 남자의 기억법,*,*,*,*,*
꼰대인턴,,,0,NNP,*,F,꼰대인턴,*,*,*,*,*
킬잇,,,0,NNP,*,F,킬잇,*,*,*,*,*
궁중잔혹사꽃들의전쟁,,,0,NNP,*,F,궁중잔혹사꽃들의전쟁,*,*,*,*,*
미스터션샤인,,,0,NNP,*,F,미스터션샤인,*,*,*,*,*
미스터 션샤인,,,0,NNP,*,F,미스터 션샤인,*,*,*,*,*
미스터선샤인,,,0,NNP,*,F,미스터선샤인,*,*,*,*,*
미스터 선샤인,,,0,NNP,*,F,미스터 선샤인,*,*,*,*,*
시카고타자기,,,0,NNP,*,F,시카고타자기,*,*,*,*,*
시카고 타자기,,,0,NNP,*,F,시카고 타자기,*,*,*,*,*
뷰티학개론,,,0,NNP,*,F,뷰티학개론,*,*,*,*,*
38사기동대,,,0,NNP,*,F,38사기동대,*,*,*,*,*
완전한사랑,,,0,NNP,*,F,완전한사랑,*,*,*,*,*
각시탈,,,0,NNP,*,F,각시탈,*,*,*,*,*
라이프온마스,,,0,NNP,*,F,라이프온마스,*,*,*,*,*
라이프 온마스,,,0,NNP,*,F,라이프 온마스,*,*,*,*,*
순정에반하다,,,0,NNP,*,F,순정에반하다,*,*,*,*,*
위대한이야기,,,0,NNP,*,F,위대한이야기,*,*,*,*,*
위대한 이야기,,,0,NNP,*,F,위대한 이야기,*,*,*,*,*
배가본드,,,0,NNP,*,F,배가본드,*,*,*,*,*
톱스타유백이,,,0,NNP,*,F,톱스타유백이,*,*,*,*,*
녹두꽃,,,0,NNP,*,F,녹두꽃,*,*,*,*,*
블랙,,,0,NNP,*,F,블랙,*,*,*,*,*
위대한쇼,,,0,NNP,*,F,위대한쇼,*,*,*,*,*
화유기,,,0,NNP,*,F,화유기,*,*,*,*,*
프로듀사,,,0,NNP,*,F,프로듀사,*,*,*,*,*
옥란면옥,,,0,NNP,*,F,옥란면옥,*,*,*,*,*
쇼핑왕루이,,,0,NNP,*,F,쇼핑왕루이,*,*,*,*,*
THEK2,,,0,NNP,*,F,THEK2,*,*,*,*,*
김비서가왜그럴까,,,0,NNP,*,F,김비서가왜그럴까,*,*,*,*,*
김비서,,,0,NNP,*,F,김비서,*,*,*,*,*
삼총사,,,0,NNP,*,F,삼총사,*,*,*,*,*
편의점샛별이,,,0,NNP,*,F,편의점샛별이,*,*,*,*,*
편의점,,,0,NNP,*,F,편의점,*,*,*,*,*
아이템,,,0,NNP,*,F,아이템,*,*,*,*,*
사이코지만괜찮아,,,0,NNP,*,F,사이코지만괜찮아,*,*,*,*,*
사이코지만 괜찮아,,,0,NNP,*,F,사이코지만 괜찮아,*,*,*,*,*
사이코,,,0,NNP,*,F,사이코,*,*,*,*,*
닥터스,,,0,NNP,*,F,닥터스,*,*,*,*,*
아홉수소년,,,0,NNP,*,F,아홉수소년,*,*,*,*,*
당신의하우스헬퍼,,,0,NNP,*,F,당신의하우스헬퍼,*,*,*,*,*
아스달연대기,,,0,NNP,*,F,아스달연대기,*,*,*,*,*
아스달 연대기,,,0,NNP,*,F,아스달 연대기,*,*,*,*,*
로맨스는별책부록,,,0,NNP,*,F,로맨스는별책부록,*,*,*,*,*
별책부록,,,0,NNP,*,F,별책부록,*,*,*,*,*
고양이띠요리사,,,0,NNP,*,F,고양이띠요리사,*,*,*,*,*
호텔델루나,,,0,NNP,*,F,호텔델루나,*,*,*,*,*
호텔 델루나,,,0,NNP,*,F,호텔 델루나,*,*,*,*,*
꼰대인턴방구석팬미팅,,,0,NNP,*,F,꼰대인턴방구석팬미팅,*,*,*,*,*
달의연인,,,0,NNP,*,F,달의연인,*,*,*,*,*
보보경심,,,0,NNP,*,F,보보경심,*,*,*,*,*
찬란한내인생,,,0,NNP,*,F,찬란한내인생,*,*,*,*,*
하늘이시여,,,0,NNP,*,F,하늘이시여,*,*,*,*,*
날씨가좋으면찾아가겠어요,,,0,NNP,*,F,날씨가좋으면찾아가겠어요,*,*,*,*,*
하이바이마마,,,0,NNP,*,F,하이바이마마,*,*,*,*,*
본대로말하라,,,0,NNP,*,F,본대로말하라,*,*,*,*,*
드라마숨바꼭질,,,0,NNP,*,F,드라마숨바꼭질,*,*,*,*,*
꼭지,,,0,NNP,*,F,꼭지,*,*,*,*,*
쌈마이웨이,,,0,NNP,*,F,쌈마이웨이,*,*,*,*,*
마이웨이,,,0,NNP,*,F,마이웨이,*,*,*,*,*
아는와이프,,,0,NNP,*,F,아는와이프,*,*,*,*,*
와이프,,,0,NNP,*,F,와이프,*,*,*,*,*
욱씨남정기,,,0,NNP,*,F,욱씨남정기,*,*,*,*,*
도깨비,,,0,NNP,*,F,도깨비,*,*,*,*,*
방법,,,0,NNP,*,F,방법,*,*,*,*,*
명동백작,,,0,NNP,*,F,명동백작,*,*,*,*,*
푸른바다의전설,,,0,NNP,*,F,푸른바다의전설,*,*,*,*,*
푸른바다,,,0,NNP,*,F,푸른바다,*,*,*,*,*
아이가다섯,,,0,NNP,*,F,아이가다섯,*,*,*,*,*
무법변호사,,,0,NNP,*,F,무법변호사,*,*,*,*,*
우리가사랑할수있을까,,,0,NNP,*,F,우리가사랑할수있을까,*,*,*,*,*
대군사랑을그리다,,,0,NNP,*,F,대군사랑을그리다,*,*,*,*,*
부암동복수자들,,,0,NNP,*,F,부암동복수자들,*,*,*,*,*
유별나문셰프,,,0,NNP,*,F,유별나문셰프,*,*,*,*,*
제3공화국,,,0,NNP,*,F,제3공화국,*,*,*,*,*
두번째스무살,,,0,NNP,*,F,두번째스무살,*,*,*,*,*
내일그대와,,,0,NNP,*,F,내일그대와,*,*,*,*,*
연애시대,,,0,NNP,*,F,연애시대,*,*,*,*,*
메모리스트,,,0,NNP,*,F,메모리스트,*,*,*,*,*
오나의귀신님,,,0,NNP,*,F,오나의귀신님,*,*,*,*,*
오 나의 귀신님,,,0,NNP,*,F,오 나의 귀신님,*,*,*,*,*
응급남녀,,,0,NNP,*,F,응급남녀,*,*,*,*,*
구해줘,,,0,NNP,*,F,구해줘,*,*,*,*,*
인현왕후의남자,,,0,NNP,*,F,인현왕후의남자,*,*,*,*,*
인현왕후,,,0,NNP,*,F,인현왕후,*,*,*,*,*
신데렐라와네명의기사,,,0,NNP,*,F,신데렐라와네명의기사,*,*,*,*,*
신데렐라,,,0,NNP,*,F,신데렐라,*,*,*,*,*
왜그래풍상씨,,,0,NNP,*,F,왜그래풍상씨,*,*,*,*,*
사의찬미,,,0,NNP,*,F,사의찬미,*,*,*,*,*
유령을잡아라,,,0,NNP,*,F,유령을잡아라,*,*,*,*,*
수요일오후3시30분,,,0,NNP,*,F,수요일오후3시30분,*,*,*,*,*
힘쎈여자도봉순,,,0,NNP,*,F,힘쎈여자도봉순,*,*,*,*,*
도봉순,,,0,NNP,*,F,도봉순,*,*,*,*,*
솔약국집아들들,,,0,NNP,*,F,솔약국집아들들,*,*,*,*,*
그들이사는세상,,,0,NNP,*,F,그들이사는세상,*,*,*,*,*
365운명을거스르는1년,,,0,NNP,*,F,365운명을거스르는1년,*,*,*,*,*
반의반,,,0,NNP,*,F,반의반,*,*,*,*,*
쌉니다천리마마트,,,0,NNP,*,F,쌉니다천리마마트,*,*,*,*,*
천리마마트,,,0,NNP,*,F,천리마마트,*,*,*,*,*
처음이라서,,,0,NNP,*,F,처음이라서,*,*,*,*,*
싸인,,,0,NNP,*,F,싸인,*,*,*,*,*
어서와,,,0,NNP,*,F,어서와,*,*,*,*,*
내아이디는강남미인,,,0,NNP,*,F,내아이디는강남미인,*,*,*,*,*
내 아이디는 강남미인,,,0,NNP,*,F,내 아이디는 강남미인,*,*,*,*,*
미스함무라비,,,0,NNP,*,F,미스함무라비,*,*,*,*,*
단하나의사랑,,,0,NNP,*,F,단하나의사랑,*,*,*,*,*
루갈,,,0,NNP,*,F,루갈,*,*,*,*,*
어쩌다가족,,,0,NNP,*,F,어쩌다가족,*,*,*,*,*
왕가네식구들,,,0,NNP,*,F,왕가네식구들,*,*,*,*,*
우리가결혼할수있을까,,,0,NNP,*,F,우리가결혼할수있을까,*,*,*,*,*
추노,,,0,NNP,*,F,추노,*,*,*,*,*
화랑,,,0,NNP,*,F,화랑,*,*,*,*,*
굿와이프,,,0,NNP,*,F,굿와이프,*,*,*,*,*
나의아저씨,,,0,NNP,*,F,나의아저씨,*,*,*,*,*
특수사건전담반TEN2,,,0,NNP,*,F,특수사건전담반TEN2,*,*,*,*,*
안녕드라큘라,,,0,NNP,*,F,안녕드라큘라,*,*,*,*,*
비밀의숲,,,0,NNP,*,F,비밀의숲,*,*,*,*,*
비밀의 숲,,,0,NNP,*,F,비밀의 숲,*,*,*,*,*
진심이닿다,,,0,NNP,*,F,진심이닿다,*,*,*,*,*
디어마이프렌즈,,,0,NNP,*,F,디어마이프렌즈,*,*,*,*,*
그녀는거짓말을너무사랑해,,,0,NNP,*,F,그녀는거짓말을너무사랑해,*,*,*,*,*
내딸금사월,,,0,NNP,*,F,내딸금사월,*,*,*,*,*
금사월,,,0,NNP,*,F,금사월,*,*,*,*,*
봄밤,,,0,NNP,*,F,봄밤,*,*,*,*,*
어쩌다발견한하루,,,0,NNP,*,F,어쩌다발견한하루,*,*,*,*,*
어쩌다 발견한 하루,,,0,NNP,*,F,어쩌다 발견한 하루,*,*,*,*,*
계약우정,,,0,NNP,*,F,계약우정,*,*,*,*,*
여자의비밀,,,0,NNP,*,F,여자의비밀,*,*,*,*,*
궁,,,0,NNP,*,F,궁,*,*,*,*,*
막돼먹은영애씨16,,,0,NNP,*,F,막돼먹은영애씨16,*,*,*,*,*
나를따라오너라,,,0,NNP,*,F,나를따라오너라,*,*,*,*,*
미치겠다너땜에,,,0,NNP,*,F,미치겠다너땜에,*,*,*,*,*
시를잊은그대에게,,,0,NNP,*,F,시를잊은그대에게,*,*,*,*,*
미스티,,,0,NNP,*,F,미스티,*,*,*,*,*
신입사관구해령,,,0,NNP,*,F,신입사관구해령,*,*,*,*,*
빠담빠담,,,0,NNP,*,F,빠담빠담,*,*,*,*,*
동네변호사조들호,,,0,NNP,*,F,동네변호사조들호,*,*,*,*,*
조들호,,,0,NNP,*,F,조들호,*,*,*,*,*
막돼먹은영애씨17,,,0,NNP,*,F,막돼먹은영애씨17,*,*,*,*,*
하백의신부2017,,,0,NNP,*,F,하백의신부2017,*,*,*,*,*
마녀의연애,,,0,NNP,*,F,마녀의연애,*,*,*,*,*
황금정원,,,0,NNP,*,F,황금정원,*,*,*,*,*
60일지정생존자,,,0,NNP,*,F,60일지정생존자,*,*,*,*,*
탁구공,,,0,NNP,*,F,탁구공,*,*,*,*,*
로맨스가필요해2012,,,0,NNP,*,F,로맨스가필요해2012,*,*,*,*,*
풍선껌,,,0,NNP,*,F,풍선껌,*,*,*,*,*
연애말고결혼,,,0,NNP,*,F,연애말고결혼,*,*,*,*,*
역도요정김복주,,,0,NNP,*,F,역도요정김복주,*,*,*,*,*
역도요정 김복주,,,0,NNP,*,F,역도요정 김복주,*,*,*,*,*
김복주,,,0,NNP,*,F,김복주,*,*,*,*,*
풀하우스,,,0,NNP,*,F,풀하우스,*,*,*,*,*
이별이떠났다,,,0,NNP,*,F,이별이떠났다,*,*,*,*,*
또오해영,,,0,NNP,*,F,또오해영,*,*,*,*,*
농부사관학교,,,0,NNP,*,F,농부사관학교,*,*,*,*,*
악마가너의이름을부를때,,,0,NNP,*,F,악마가너의이름을부를때,*,*,*,*,*
킬미힐미,,,0,NNP,*,F,킬미힐미,*,*,*,*,*
킬미 힐미,,,0,NNP,*,F,킬미 힐미,*,*,*,*,*
킬미,,,0,NNP,*,F,킬미,*,*,*,*,*
힐미,,,0,NNP,*,F,힐미,*,*,*,*,*
공항가는길,,,0,NNP,*,F,공항가는길,*,*,*,*,*
자백,,,0,NNP,*,F,자백,*,*,*,*,*
프리스트,,,0,NNP,*,F,프리스트,*,*,*,*,*
결혼계약,,,0,NNP,*,F,결혼계약,*,*,*,*,*
내가가장예뻤을때,,,0,NNP,*,F,내가가장예뻤을때,*,*,*,*,*
브람스를좋아하세요,,,0,NNP,*,F,브람스를좋아하세요,*,*,*,*,*
기황후,,,0,NNP,*,F,기황후,*,*,*,*,*
거짓말의거짓말,,,0,NNP,*,F,거짓말의거짓말,*,*,*,*,*
비밀의숲,,,0,NNP,*,F,비밀의숲,*,*,*,*,*
비밀의 숲,,,0,NNP,*,F,비밀의 숲,*,*,*,*,*
무자식상팔자,,,0,NNP,*,F,무자식상팔자,*,*,*,*,*
왕과비,,,0,NNP,*,F,왕과비,*,*,*,*,*
품위있는그녀,,,0,NNP,*,F,품위있는그녀,*,*,*,*,*
앨리스,,,0,NNP,*,F,앨리스,*,*,*,*,*
우아한친구들,,,0,NNP,*,F,우아한친구들,*,*,*,*,*
서울뚝배기,,,0,NNP,*,F,서울뚝배기,*,*,*,*,*
목욕탕집남자들,,,0,NNP,*,F,목욕탕집남자들,*,*,*,*,*
연애는귀찮지만외로운건싫어,,,0,NNP,*,F,연애는귀찮지만외로운건싫어,*,*,*,*,*
나인룸,,,0,NNP,*,F,나인룸,*,*,*,*,*
미씽그들이있었다,,,0,NNP,*,F,미씽그들이있었다,*,*,*,*,*
사이코메트리그녀석,,,0,NNP,*,F,사이코메트리그녀석,*,*,*,*,*
놓지마정신줄,,,0,NNP,*,F,놓지마정신줄,*,*,*,*,*
놓지마 정신줄,,,0,NNP,*,F,놓지마 정신줄,*,*,*,*,*
가시꽃,,,0,NNP,*,F,가시꽃,*,*,*,*,*
우리사랑했을까,,,0,NNP,*,F,우리사랑했을까,*,*,*,*,*
악의꽃,,,0,NNP,*,F,악의꽃,*,*,*,*,*
보이스3,,,0,NNP,*,F,보이스3,*,*,*,*,*
SF8,,,0,NNP,*,F,SF8,*,*,*,*,*
아홉번의시간여행,,,0,NNP,*,F,아홉번의시간여행,*,*,*,*,*
나인,,,0,NNP,*,F,나인,*,*,*,*,*
조선총잡이,,,0,NNP,*,F,조선총잡이,*,*,*,*,*
제4공화국,,,0,NNP,*,F,제4공화국,*,*,*,*,*
이웃집꽃미남,,,0,NNP,*,F,이웃집꽃미남,*,*,*,*,*
트웬티트웬티,,,0,NNP,*,F,트웬티트웬티,*,*,*,*,*
비밀의남자,,,0,NNP,*,F,비밀의남자,*,*,*,*,*
청춘기록,,,0,NNP,*,F,청춘기록,*,*,*,*,*
청춘,,,0,NNP,*,F,청춘,*,*,*,*,*
은주의방,,,0,NNP,*,F,은주의방,*,*,*,*,*
학교기담,,,0,NNP,*,F,학교기담,*,*,*,*,*
힐러,,,0,NNP,*,F,힐러,*,*,*,*,*
푸른거탑,,,0,NNP,*,F,푸른거탑,*,*,*,*,*
드라마강완숙,,,0,NNP,*,F,드라마강완숙,*,*,*,*,*
최고의이혼,,,0,NNP,*,F,최고의이혼,*,*,*,*,*
오삼광빌라,,,0,NNP,*,F,오삼광빌라,*,*,*,*,*
비밀,,,0,NNP,*,F,비밀,*,*,*,*,*
좀비탐정,,,0,NNP,*,F,좀비탐정,*,*,*,*,*
18어게인,,,0,NNP,*,F,18어게인,*,*,*,*,*
계룡선녀전,,,0,NNP,*,F,계룡선녀전,*,*,*,*,*
귀부인,,,0,NNP,*,F,귀부인,*,*,*,*,*
경우의수,,,0,NNP,*,F,경우의수,*,*,*,*,*
태양의여자,,,0,NNP,*,F,태양의여자,*,*,*,*,*
동정부부요안루갈다,,,0,NNP,*,F,동정부부요안루갈다,*,*,*,*,*
불멸의이순신,,,0,NNP,*,F,불멸의이순신,*,*,*,*,*
이순신,,,0,NNP,*,F,이순신,*,*,*,*,*
불멸,,,0,NNP,*,F,불멸,*,*,*,*,*
조선미인열전,,,0,NNP,*,F,조선미인열전,*,*,*,*,*
나의위험한아내,,,0,NNP,*,F,나의위험한아내,*,*,*,*,*
도도솔솔라라솔,,,0,NNP,*,F,도도솔솔라라솔,*,*,*,*,*
사생활,,,0,NNP,*,F,사생활,*,*,*,*,*
구미호뎐,,,0,NNP,*,F,구미호뎐,*,*,*,*,*
우아한가,,,0,NNP,*,F,우아한가,*,*,*,*,*
조선미인별전,,,0,NNP,*,F,조선미인별전,*,*,*,*,*
그저바라보다가,,,0,NNP,*,F,그저바라보다가,*,*,*,*,*
누가뭐래도,,,0,NNP,*,F,누가뭐래도,*,*,*,*,*
영웅시대,,,0,NNP,*,F,영웅시대,*,*,*,*,*
스타트업,,,0,NNP,*,F,스타트업,*,*,*,*,*
가시나무새,,,0,NNP,*,F,가시나무새,*,*,*,*,*
써치,,,0,NNP,*,F,써치,*,*,*,*,*
제빵왕김탁구,,,0,NNP,*,F,제빵왕김탁구,*,*,*,*,*
제빵왕 김탁구,,,0,NNP,*,F,제빵왕 김탁구,*,*,*,*,*
김탁구,,,0,NNP,*,F,김탁구,*,*,*,*,*
나를사랑한스파이,,,0,NNP,*,F,나를사랑한스파이,*,*,*,*,*
아무도모른다,,,0,NNP,*,F,아무도모른다,*,*,*,*,*
세상어디에도없는착한남자,,,0,NNP,*,F,세상어디에도없는착한남자,*,*,*,*,*
카이로스,,,0,NNP,*,F,카이로스,*,*,*,*,*
불새2020,,,0,NNP,*,F,불새2020,*,*,*,*,*
펜트하우스,,,0,NNP,*,F,펜트하우스,*,*,*,*,*
펜트 하우스,,,0,NNP,*,F,펜트 하우스,*,*,*,*,*
부모님전상서,,,0,NNP,*,F,부모님전상서,*,*,*,*,*
날아라개천용,,,0,NNP,*,F,날아라개천용,*,*,*,*,*
제5공화국,,,0,NNP,*,F,제5공화국,*,*,*,*,*
산후조리원,,,0,NNP,*,F,산후조리원,*,*,*,*,*
청춘의덫,,,0,NNP,*,F,청춘의덫,*,*,*,*,*
백희가돌아왔다,,,0,NNP,*,F,백희가돌아왔다,*,*,*,*,*
공주의남자,,,0,NNP,*,F,공주의남자,*,*,*,*,*
아이리스2,,,0,NNP,*,F,아이리스2,*,*,*,*,*
제발그남자만나지마요,,,0,NNP,*,F,제발그남자만나지마요,*,*,*,*,*
1%의어떤것,,,0,NNP,*,F,1%의어떤것,*,*,*,*,*
나의나라,,,0,NNP,*,F,나의나라,*,*,*,*,*
라이브온,,,0,NNP,*,F,라이브온,*,*,*,*,*
복수해라,,,0,NNP,*,F,복수해라,*,*,*,*,*
슈츠,,,0,NNP,*,F,슈츠,*,*,*,*,*
가족끼리왜이래,,,0,NNP,*,F,가족끼리왜이래,*,*,*,*,*
파도가부른다,,,0,NNP,*,F,파도가부른다,*,*,*,*,*
오마이비너스,,,0,NNP,*,F,오마이비너스,*,*,*,*,*
경이로운소문,,,0,NNP,*,F,경이로운소문,*,*,*,*,*
경이로운 소문,,,0,NNP,*,F,경이로운 소문,*,*,*,*,*
낮과밤,,,0,NNP,*,F,낮과밤,*,*,*,*,*
출사표,,,0,NNP,*,F,출사표,*,*,*,*,*
미스터기간제,,,0,NNP,*,F,미스터기간제,*,*,*,*,*
치즈인더트랩,,,0,NNP,*,F,치즈인더트랩,*,*,*,*,*
당신이잠든사이에,,,0,NNP,*,F,당신이잠든사이에,*,*,*,*,*
당신이 잠든 사이에,,,0,NNP,*,F,당신이 잠든 사이에,*,*,*,*,*
그놈이그놈이다,,,0,NNP,*,F,그놈이그놈이다,*,*,*,*,*
그놈이 그놈이다,,,0,NNP,*,F,그놈이 그놈이다,*,*,*,*,*
모범형사,,,0,NNP,*,F,모범형사,*,*,*,*,*
단짠오피스,,,0,NNP,*,F,단짠오피스,*,*,*,*,*
미쓰리는알고있다,,,0,NNP,*,F,미쓰리는알고있다,*,*,*,*,*
보좌관,,,0,NNP,*,F,보좌관,*,*,*,*,*
트레인,,,0,NNP,*,F,트레인,*,*,*,*,*
맨도롱또똣,,,0,NNP,*,F,맨도롱또똣,*,*,*,*,*
십시일반,,,0,NNP,*,F,십시일반,*,*,*,*,*
이번주아내가바람을핍니다,,,0,NNP,*,F,이번주아내가바람을핍니다,*,*,*,*,*
드림하이,,,0,NNP,*,F,드림하이,*,*,*,*,*
어바웃타임,,,0,NNP,*,F,어바웃타임,*,*,*,*,*
어바웃 타임,,,0,NNP,*,F,어바웃 타임,*,*,*,*,*
바람피면죽는다,,,0,NNP,*,F,바람피면죽는다,*,*,*,*,*
나쁜아이들,,,0,NNP,*,F,나쁜아이들,*,*,*,*,*
여신강림,,,0,NNP,*,F,여신강림,*,*,*,*,*
허쉬,,,0,NNP,*,F,허쉬,*,*,*,*,*
철인왕후,,,0,NNP,*,F,철인왕후,*,*,*,*,*
국민여러분,,,0,NNP,*,F,국민여러분,*,*,*,*,*
동네변호사조들호2:죄와벌,,,0,NNP,*,F,동네변호사조들호2:죄와벌,*,*,*,*,*
런온,,,0,NNP,*,F,런온,*,*,*,*,*
암행어사조선비밀수사단,,,0,NNP,*,F,암행어사조선비밀수사단,*,*,*,*,*
마이프린세스,,,0,NNP,*,F,마이프린세스,*,*,*,*,*
국가대표와이프,,,0,NNP,*,F,국가대표와이프,*,*,*,*,*
학교2021,,,0,NNP,*,F,학교2021,*,*,*,*,*
빨강구두,,,0,NNP,*,F,빨강구두,*,*,*,*,*
두번째남편,,,0,NNP,*,F,두번째남편,*,*,*,*,*
옷소매붉은끝동,,,0,NNP,*,F,옷소매붉은끝동,*,*,*,*,*
옷소매 붉은 끝동,,,0,NNP,*,F,옷소매 붉은 끝동,*,*,*,*,*
그겨울바람이분다,,,0,NNP,*,F,그겨울바람이분다,*,*,*,*,*
천일의약속,,,0,NNP,*,F,천일의약속,*,*,*,*,*
쇼윈도,,,0,NNP,*,F,쇼윈도,*,*,*,*,*
여왕의집,,,0,NNP,*,F,여왕의집,*,*,*,*,*
너를닮은사람,,,0,NNP,*,F,너를닮은사람,*,*,*,*,*
해피니스,,,0,NNP,*,F,해피니스,*,*,*,*,*
어사와조이,,,0,NNP,*,F,어사와조이,*,*,*,*,*
멜랑꼴리아,,,0,NNP,*,F,멜랑꼴리아,*,*,*,*,*
웃어라동해야,,,0,NNP,*,F,웃어라동해야,*,*,*,*,*
오자룡이간다,,,0,NNP,*,F,오자룡이간다,*,*,*,*,*
오로라공주,,,0,NNP,*,F,오로라공주,*,*,*,*,*
연모,,,0,NNP,*,F,연모,*,*,*,*,*
선배그립스틱바르지마요,,,0,NNP,*,F,선배그립스틱바르지마요,*,*,*,*,*
지금헤어지는중입니다,,,0,NNP,*,F,지금헤어지는중입니다,*,*,*,*,*
육룡이나르샤,,,0,NNP,*,F,육룡이나르샤,*,*,*,*,*
육룡이 나르샤,,,0,NNP,*,F,육룡이 나르샤,*,*,*,*,*
신사와아가씨,,,0,NNP,*,F,신사와아가씨,*,*,*,*,*
신사와 아가씨,,,0,NNP,*,F,신사와 아가씨,*,*,*,*,*
빛나라은수,,,0,NNP,*,F,빛나라은수,*,*,*,*,*
경찰수업,,,0,NNP,*,F,경찰수업,*,*,*,*,*
상도,,,0,NNP,*,F,상도,*,*,*,*,*
대장금,,,0,NNP,*,F,대장금,*,*,*,*,*
보쌈,,,0,NNP,*,F,보쌈,*,*,*,*,*
운명을훔치다,,,0,NNP,*,F,운명을훔치다,*,*,*,*,*
하이클래스,,,0,NNP,*,F,하이클래스,*,*,*,*,*
너의밤이되어줄게,,,0,NNP,*,F,너의밤이되어줄게,*,*,*,*,*
구경이,,,0,NNP,*,F,구경이,*,*,*,*,*
토지,,,0,NNP,*,F,토지,*,*,*,*,*
그해우리는,,,0,NNP,*,F,그해우리는,*,*,*,*,*
그해 우리는,,,0,NNP,*,F,그해 우리는,*,*,*,*,*
그 해 우리는,,,0,NNP,*,F,그 해 우리는,*,*,*,*,*
엄마가뿔났다,,,0,NNP,*,F,엄마가뿔났다,*,*,*,*,*
라켓소년단,,,0,NNP,*,F,라켓소년단,*,*,*,*,*
아랑사또전,,,0,NNP,*,F,아랑사또전,*,*,*,*,*
공작도시,,,0,NNP,*,F,공작도시,*,*,*,*,*
태종이방원,,,0,NNP,*,F,태종이방원,*,*,*,*,*
엉클,,,0,NNP,*,F,엉클,*,*,*,*,*
사랑의꽈배기,,,0,NNP,*,F,사랑의꽈배기,*,*,*,*,*
배드앤크레이지,,,0,NNP,*,F,배드앤크레이지,*,*,*,*,*
설강화,,,0,NNP,*,F,설강화,*,*,*,*,*
불가살,,,0,NNP,*,F,불가살,*,*,*,*,*
꽃피면달생각하고,,,0,NNP,*,F,꽃피면달생각하고,*,*,*,*,*
한사람만,,,0,NNP,*,F,한사람만,*,*,*,*,*
모범택시,,,0,NNP,*,F,모범택시,*,*,*,*,*
마인,,,0,NNP,*,F,마인,*,*,*,*,*
아현동마님,,,0,NNP,*,F,아현동마님,*,*,*,*,*
달이뜨는강,,,0,NNP,*,F,달이뜨는강,*,*,*,*,*
뫼비우스,,,0,NNP,*,F,뫼비우스,*,*,*,*,*
검은태양,,,0,NNP,*,F,검은태양,*,*,*,*,*
홍천기,,,0,NNP,*,F,홍천기,*,*,*,*,*
원더우먼,,,0,NNP,*,F,원더우먼,*,*,*,*,*
구암허준,,,0,NNP,*,F,구암허준,*,*,*,*,*
달리와감자탕,,,0,NNP,*,F,달리와감자탕,*,*,*,*,*
감자탕,,,0,NNP,*,F,감자탕,*,*,*,*,*
화평공주체중감량사,,,0,NNP,*,F,화평공주체중감량사,*,*,*,*,*
악마판사,,,0,NNP,*,F,악마판사,*,*,*,*,*
멀리서보면푸른봄,,,0,NNP,*,F,멀리서보면푸른봄,*,*,*,*,*
평일오후세시의연인,,,0,NNP,*,F,평일오후세시의연인,*,*,*,*,*
검은태양,,,0,NNP,*,F,검은태양,*,*,*,*,*
쉿그놈을부탁해,,,0,NNP,*,F,쉿그놈을부탁해,*,*,*,*,*
IDOL,,,0,NNP,*,F,IDOL,*,*,*,*,*
식샤를합시다3:비긴즈,,,0,NNP,*,F,식샤를합시다3:비긴즈,*,*,*,*,*
속아도꿈결,,,0,NNP,*,F,속아도꿈결,*,*,*,*,*
갯마을차차차,,,0,NNP,*,F,갯마을차차차,*,*,*,*,*
갯마을 차차차,,,0,NNP,*,F,갯마을 차차차,*,*,*,*,*
마요르카파일,,,0,NNP,*,F,마요르카파일,*,*,*,*,*
아워걸,,,0,NNP,*,F,아워걸,*,*,*,*,*
미치지않고서야,,,0,NNP,*,F,미치지않고서야,*,*,*,*,*
느낌,,,0,NNP,*,F,느낌,*,*,*,*,*
지리산,,,0,NNP,*,F,지리산,*,*,*,*,*
아이를찾습니다,,,0,NNP,*,F,아이를찾습니다,*,*,*,*,*
오월의멜로,,,0,NNP,*,F,오월의멜로,*,*,*,*,*
보이스시즌,,,0,NNP,*,F,보이스시즌,*,*,*,*,*
펜트하우스,,,0,NNP,*,F,펜트하우스,*,*,*,*,*
알고있지만,,,0,NNP,*,F,알고있지만,*,*,*,*,*
월간집,,,0,NNP,*,F,월간집,*,*,*,*,*
오케이광자매,,,0,NNP,*,F,오케이광자매,*,*,*,*,*
열여덟스물아홉,,,0,NNP,*,F,열여덟스물아홉,*,*,*,*,*
너는나의봄,,,0,NNP,*,F,너는나의봄,*,*,*,*,*
대박부동산,,,0,NNP,*,F,대박부동산,*,*,*,*,*
최고다이순신,,,0,NNP,*,F,최고다이순신,*,*,*,*,*
최고다 이순신,,,0,NNP,*,F,최고다 이순신,*,*,*,*,*
무인시대,,,0,NNP,*,F,무인시대,*,*,*,*,*
키스앤더시티,,,0,NNP,*,F,키스앤더시티,*,*,*,*,*
마의,,,0,NNP,*,F,마의,*,*,*,*,*
다시첫사랑,,,0,NNP,*,F,다시첫사랑,*,*,*,*,*
아빠셋엄마하나,,,0,NNP,*,F,아빠셋엄마하나,*,*,*,*,*
구미호여우누이뎐,,,0,NNP,*,F,구미호여우누이뎐,*,*,*,*,*
사랑과진실,,,0,NNP,*,F,사랑과진실,*,*,*,*,*
김수로,,,0,NNP,*,F,김수로,*,*,*,*,*
더로드1의비극,,,0,NNP,*,F,더로드1의비극,*,*,*,*,*
부활,,,0,NNP,*,F,부활,*,*,*,*,*
복제인간,,,0,NNP,*,F,복제인간,*,*,*,*,*
아모르파티,,,0,NNP,*,F,아모르파티,*,*,*,*,*
빈센조,,,0,NNP,*,F,빈센조,*,*,*,*,*
이벤트를확인하세요,,,0,NNP,*,F,이벤트를확인하세요,*,*,*,*,*
간떨어지는동거,,,0,NNP,*,F,간떨어지는동거,*,*,*,*,*
미스몬테크리스토,,,0,NNP,*,F,미스몬테크리스토,*,*,*,*,*
밥이되어라,,,0,NNP,*,F,밥이되어라,*,*,*,*,*
찬란한유산,,,0,NNP,*,F,찬란한유산,*,*,*,*,*
어느날우리집현관으로멸망이들어왔다,,,0,NNP,*,F,어느날우리집현관으로멸망이들어왔다,*,*,*,*,*
이미테이션,,,0,NNP,*,F,이미테이션,*,*,*,*,*
더패키지,,,0,NNP,*,F,더패키지,*,*,*,*,*
포도밭그사나이,,,0,NNP,*,F,포도밭그사나이,*,*,*,*,*
마천대루,,,0,NNP,*,F,마천대루,*,*,*,*,*
오필승봉순영,,,0,NNP,*,F,오필승봉순영,*,*,*,*,*
동안미녀,,,0,NNP,*,F,동안미녀,*,*,*,*,*
경숙이경숙아버지,,,0,NNP,*,F,경숙이경숙아버지,*,*,*,*,*
나빌레라,,,0,NNP,*,F,나빌레라,*,*,*,*,*
공주가돌아왔다,,,0,NNP,*,F,공주가돌아왔다,*,*,*,*,*
오주인님,,,0,NNP,*,F,오주인님,*,*,*,*,*
펜트하우스2,,,0,NNP,*,F,펜트하우스2,*,*,*,*,*
언더커버,,,0,NNP,*,F,언더커버,*,*,*,*,*
로스쿨,,,0,NNP,*,F,로스쿨,*,*,*,*,*
결혼작사이혼작곡,,,0,NNP,*,F,결혼작사이혼작곡,*,*,*,*,*
결혼작사,,,0,NNP,*,F,결혼작사,*,*,*,*,*
이혼작곡,,,0,NNP,*,F,이혼작곡,*,*,*,*,*
다크홀,,,0,NNP,*,F,다크홀,*,*,*,*,*
왕의얼굴,,,0,NNP,*,F,왕의얼굴,*,*,*,*,*
너는내운명,,,0,NNP,*,F,너는내운명,*,*,*,*,*
사랑과야망,,,0,NNP,*,F,사랑과야망,*,*,*,*,*
마우스,,,0,NNP,*,F,마우스,*,*,*,*,*
아내의유혹,,,0,NNP,*,F,아내의유혹,*,*,*,*,*
오월의청춘,,,0,NNP,*,F,오월의청춘,*,*,*,*,*
드라마월드,,,0,NNP,*,F,드라마월드,*,*,*,*,*
고맙습니다,,,0,NNP,*,F,고맙습니다,*,*,*,*,*
로스쿨코멘터리,,,0,NNP,*,F,로스쿨코멘터리,*,*,*,*,*
목표가생겼다,,,0,NNP,*,F,목표가생겼다,*,*,*,*,*
고교처세왕,,,0,NNP,*,F,고교처세왕,*,*,*,*,*
하늘에서내리는일억개의별,,,0,NNP,*,F,하늘에서내리는일억개의별,*,*,*,*,*
안녕나야,,,0,NNP,*,F,안녕나야,*,*,*,*,*
시지프스,,,0,NNP,*,F,시지프스,*,*,*,*,*
시지푸스,,,0,NNP,*,F,시지푸스,*,*,*,*,*
괴물,,,0,NNP,*,F,괴물,*,*,*,*,*
타임즈,,,0,NNP,*,F,타임즈,*,*,*,*,*
써클,,,0,NNP,*,F,써클,*,*,*,*,*
이어진두세계,,,0,NNP,*,F,이어진두세계,*,*,*,*,*
직장의신,,,0,NNP,*,F,직장의신,*,*,*,*,*
언니는살아있다,,,0,NNP,*,F,언니는살아있다,*,*,*,*,*
꽃미남라면가게,,,0,NNP,*,F,꽃미남라면가게,*,*,*,*,*
고스트닥터,,,0,NNP,*,F,고스트닥터,*,*,*,*,*
마녀식당으로 오세요,,,0,NNP,*,F,마녀식당으로 오세요,*,*,*,*,*
트레이서,,,0,NNP,*,F,트레이서,*,*,*,*,*
악의마음을읽는자들,,,0,NNP,*,F,악의마음을읽는자들,*,*,*,*,*
술꾼도시여자들,,,0,NNP,*,F,술꾼도시여자들,*,*,*,*,*
술꾼,,,0,NNP,*,F,술꾼,*,*,*,*,*
도시,,,0,NNP,*,F,도시,*,*,*,*,*
여자들,,,0,NNP,*,F,여자들,*,*,*,*,*
기상청사람들,,,0,NNP,*,F,기상청사람들,*,*,*,*,*
기상청,,,0,NNP,*,F,기상청,*,*,*,*,*
스물다섯스물하나,,,0,NNP,*,F,스물다섯스물하나,*,*,*,*,*
스물다섯 스물하나,,,0,NNP,*,F,스물다섯 스물하나,*,*,*,*,*
"서른,아홉",,,0,NNP,*,F,"서른,아홉",*,*,*,*,*
스폰서,,,0,NNP,*,F,스폰서,*,*,*,*,*
트레이서시즌2,,,0,NNP,*,F,트레이서시즌2,*,*,*,*,*
군검사도베르만,,,0,NNP,*,F,군검사도베르만,*,*,*,*,*
군검사,,,0,NNP,*,F,군검사,*,*,*,*,*
도베르만,,,0,NNP,*,F,도베르만,*,*,*,*,*
사내맞선,,,0,NNP,*,F,사내맞선,*,*,*,*,*
맞선,,,0,NNP,*,F,맞선,*,*,*,*,*
크레이지러브,,,0,NNP,*,F,크레이지러브,*,*,*,*,*
킬힐,,,0,NNP,*,F,킬힐,*,*,*,*,*
우월한하루,,,0,NNP,*,F,우월한하루,*,*,*,*,*
내일그대와,,,0,NNP,*,F,내일그대와,*,*,*,*,*
현재는아름다워,,,0,NNP,*,F,현재는아름다워,*,*,*,*,*
그린마더스클럽,,,0,NNP,*,F,그린마더스클럽,*,*,*,*,*
어게인마이라이프,,,0,NNP,*,F,어게인마이라이프,*,*,*,*,*
우리들의블루스,,,0,NNP,*,F,우리들의블루스,*,*,*,*,*
우리들의 블루스,,,0,NNP,*,F,우리들의 블루스,*,*,*,*,*
나의해방일지,,,0,NNP,*,F,나의해방일지,*,*,*,*,*
나의 해방 일지,,,0,NNP,*,F,나의 해방 일지,*,*,*,*,*
나의해방노트,,,0,NNP,*,F,나의해방노트,*,*,*,*,*
나의 해방 노트,,,0,NNP,*,F,나의 해방 노트,*,*,*,*,*
으라차차내인생,,,0,NNP,*,F,으라차차내인생,*,*,*,*,*
비밀의집,,,0,NNP,*,F,비밀의집,*,*,*,*,*
너에게가는속도493km,,,0,NNP,*,F,너에게가는속도493km,*,*,*,*,*
493,,,0,NNP,*,F,493,*,*,*,*,*
별똥별,,,0,NNP,*,F,별똥별,*,*,*,*,*
"지금부터,쇼타임",,,0,NNP,*,F,"지금부터,쇼타임",*,*,*,*,*
살인자의쇼핑목록,,,0,NNP,*,F,살인자의쇼핑목록,*,*,*,*,*
살인자의 쇼핑 목록,,,0,NNP,*,F,살인자의 쇼핑 목록,*,*,*,*,*
붉은단심,,,0,NNP,*,F,붉은단심,*,*,*,*,*
구필수는없다,,,0,NNP,*,F,구필수는없다,*,*,*,*,*
우리는오늘부터,,,0,NNP,*,F,우리는오늘부터,*,*,*,*,*
내과박원장,,,0,NNP,*,F,내과박원장,*,*,*,*,*
박원장,,,0,NNP,*,F,박원장,*,*,*,*,*
황금가면,,,0,NNP,*,F,황금가면,*,*,*,*,*
이브,,,0,NNP,*,F,이브,*,*,*,*,*
왜오수재인가,,,0,NNP,*,F,왜오수재인가,*,*,*,*,*
오수재,,,0,NNP,*,F,오수재,*,*,*,*,*
닥터로이어,,,0,NNP,*,F,닥터로이어,*,*,*,*,*
클리닝업,,,0,NNP,*,F,클리닝업,*,*,*,*,*
링크,,,0,NNP,*,F,링크,*,*,*,*,*
인사이더,,,0,NNP,*,F,인사이더,*,*,*,*,*
징크스의연인,,,0,NNP,*,F,징크스의연인,*,*,*,*,*
징크스의 연인,,,0,NNP,*,F,징크스의 연인,*,*,*,*,*
환혼,,,0,NNP,*,F,환혼,*,*,*,*,*
돼지의왕,,,0,NNP,*,F,돼지의왕,*,*,*,*,*
마녀는살아있다,,,0,NNP,*,F,마녀는살아있다,*,*,*,*,*
미남당,,,0,NNP,*,F,미남당,*,*,*,*,*
이상한변호사우영우,,,0,NNP,*,F,이상한변호사우영우,*,*,*,*,*
이상한 변호사 우영우,,,0,NNP,*,F,이상한 변호사 우영우,*,*,*,*,*
우변호사,,,0,NNP,*,F,우변호사,*,*,*,*,*
아다마스,,,0,NNP,*,F,아다마스,*,*,*,*,*
오늘의웹툰,,,0,NNP,*,F,오늘의웹툰,*,*,*,*,*
빅마우스,,,0,NNP,*,F,빅마우스,*,*,*,*,*
빅 마우스,,,0,NNP,*,F,빅 마우스,*,*,*,*,*
모범형사,,,0,NNP,*,F,모범형사,*,*,*,*,*
당신이소원을말하면,,,0,NNP,*,F,당신이소원을말하면,*,*,*,*,*
괴이,,,0,NNP,*,F,괴이,*,*,*,*,*
작은아씨들,,,0,NNP,*,F,작은아씨들,*,*,*,*,*
작은 아씨들,,,0,NNP,*,F,작은 아씨들,*,*,*,*,*
법대로사랑하라,,,0,NNP,*,F,법대로사랑하라,*,*,*,*,*
멘탈코치제갈길,,,0,NNP,*,F,멘탈코치제갈길,*,*,*,*,*
블라인드,,,0,NNP,*,F,블라인드,*,*,*,*,*
장미맨션,,,0,NNP,*,F,장미맨션,*,*,*,*,*
월수금화목토,,,0,NNP,*,F,월수금화목토,*,*,*,*,*
천원짜리변호사,,,0,NNP,*,F,천원짜리변호사,*,*,*,*,*
금수저,,,0,NNP,*,F,금수저,*,*,*,*,*
삼남매가용감하게,,,0,NNP,*,F,삼남매가용감하게,*,*,*,*,*
디엠파이어,,,0,NNP,*,F,디엠파이어,*,*,*,*,*
킹덤,,,0,NNP,*,F,킹덤,*,*,*,*,*
첫사랑은처음이라서,,,0,NNP,*,F,첫사랑은처음이라서,*,*,*,*,*
좋아하면울리는,,,0,NNP,*,F,좋아하면울리는,*,*,*,*,*
나홀로그대,,,0,NNP,*,F,나홀로그대,*,*,*,*,*
인간수업,,,0,NNP,*,F,인간수업,*,*,*,*,*
보건교사안은영,,,0,NNP,*,F,보건교사안은영,*,*,*,*,*
안은영,,,0,NNP,*,F,안은영,*,*,*,*,*
스위트홈,,,0,NNP,*,F,스위트홈,*,*,*,*,*
스위트 홈,,,0,NNP,*,F,스위트 홈,*,*,*,*,*
무브투헤븐,,,0,NNP,*,F,무브투헤븐,*,*,*,*,*
아신전,,,0,NNP,*,F,아신전,*,*,*,*,*
DP,,,0,NNP,*,F,DP,*,*,*,*,*
디피,,,0,NNP,*,F,디피,*,*,*,*,*
오징어게임,,,0,NNP,*,F,오징어게임,*,*,*,*,*
오징어 게임,,,0,NNP,*,F,오징어 게임,*,*,*,*,*
마이네임,,,0,NNP,*,F,마이네임,*,*,*,*,*
지옥,,,0,NNP,*,F,지옥,*,*,*,*,*
고요의바다,,,0,NNP,*,F,고요의바다,*,*,*,*,*
고요의 바다,,,0,NNP,*,F,고요의 바다,*,*,*,*,*
지금우리학교는,,,0,NNP,*,F,지금우리학교는,*,*,*,*,*
지금 우리 학교는,,,0,NNP,*,F,지금 우리 학교는,*,*,*,*,*
소년심판,,,0,NNP,*,F,소년심판,*,*,*,*,*
안나라수미나라,,,0,NNP,*,F,안나라수미나라,*,*,*,*,*
종이의집,,,0,NNP,*,F,종이의집,*,*,*,*,*
종이의 집,,,0,NNP,*,F,종이의 집,*,*,*,*,*
블랙의신부,,,0,NNP,*,F,블랙의신부,*,*,*,*,*
블랙의 신부,,,0,NNP,*,F,블랙의 신부,*,*,*,*,*
모범가족,,,0,NNP,*,F,모범가족,*,*,*,*,*
수리남,,,0,NNP,*,F,수리남,*,*,*,*,*
글리치,,,0,NNP,*,F,글리치,*,*,*,*,*
안나,,,0,NNP,*,F,안나,*,*,*,*,*
